Accession ID	Collection date	Submission date	Location
EPI_ISL_13052263	2022-05-19	2022-05-23	Europe / Germany / Bavaria
EPI_ISL_13052264	2022-05-04	2022-05-24	Europe / Portugal
EPI_ISL_13052265	2022-05-15	2022-05-24	Europe / Portugal
EPI_ISL_13052266	2022-05-15	2022-05-24	Europe / Portugal
EPI_ISL_13052267	2022-05-17	2022-05-24	Europe / Portugal
EPI_ISL_13052268	2022-05-15	2022-05-24	Europe / Portugal
EPI_ISL_13052269	2022-05-15	2022-05-24	Europe / Portugal
EPI_ISL_13052270	2022-05-15	2022-05-24	Europe / Portugal
EPI_ISL_13052271	2022-05-15	2022-05-24	Europe / Portugal
EPI_ISL_13052272	2022-05-15	2022-05-24	Europe / Portugal
EPI_ISL_13052273	2022-05-15	2022-05-24	Europe / Portugal
EPI_ISL_13052274	2022-05-19	2022-05-24	Europe / Switzerland
EPI_ISL_13052275	2022-05	2022-05-25	Europe / France
EPI_ISL_13052276	2022-05-18	2022-05-26	Europe / Italy
EPI_ISL_13052277	2022-05	2022-05-27	Europe / Netherlands
EPI_ISL_13052278	2022-05	2022-05-27	Europe / United Kingdom / England
EPI_ISL_13052279	2022-05	2022-05-27	Europe / United Kingdom / England
EPI_ISL_13052280	2022-05	2022-05-27	Europe / United Kingdom / England
EPI_ISL_13052281	2022-05	2022-05-27	Europe / United Kingdom / England
EPI_ISL_13052282	2022-05-19	2022-05-27	Europe / Belgium
EPI_ISL_13052283	2022-05-22	2022-05-27	Europe / Belgium
EPI_ISL_13052284	2022-05-20	2022-05-27	Europe / Spain
EPI_ISL_13052285	2022-05-24	2022-05-27	Europe / Switzerland
EPI_ISL_13052286	2022-05-25	2022-05-27	Europe / Italy / Lombardy / Milan
EPI_ISL_13052287	2022-05-22	2022-05-27	Europe / France
EPI_ISL_13052288	2022-05-20	2022-05-27	North America / USA / Utah
EPI_ISL_13052289	2022-05	2022-05-28	North America / USA / Massachusetts
EPI_ISL_13052290	2022-05-24	2022-05-30	Europe / Slovenia
EPI_ISL_13052291	2022-05-23	2022-05-25	Europe / Slovenia
EPI_ISL_13052292	2022-05	2022-05-30	Oceania / Australia / Victoria
EPI_ISL_13052293	2022-05	2022-05-31	Europe / Germany
EPI_ISL_13052294	2022-05	2022-05-31	Europe / Germany
EPI_ISL_13052295	2022-05-25	2022-05-31	Europe / Italy / Friuli Venezia Giulia / Gorizia
EPI_ISL_13053218	1978	2005-04-18	Africa / Democratic Republic of the Congo
EPI_ISL_13056233	2006-09-10	2012-09-27	Africa / Democratic Republic of the Congo
EPI_ISL_13056234	2006-10-31	2012-09-27	Africa / Democratic Republic of the Congo
EPI_ISL_13056235	2006-11-09	2012-09-27	Africa / Democratic Republic of the Congo
EPI_ISL_13056236	2006-11-24	2012-09-27	Africa / Democratic Republic of the Congo
EPI_ISL_13056237	2006-11-30	2012-09-27	Africa / Democratic Republic of the Congo
EPI_ISL_13056238	2006-11-30	2012-09-27	Africa / Democratic Republic of the Congo
EPI_ISL_13056239	2006-12-14	2012-09-27	Africa / Democratic Republic of the Congo
EPI_ISL_13056240	2006-12-14	2012-09-27	Africa / Democratic Republic of the Congo
EPI_ISL_13056241	2006-12-26	2012-09-27	Africa / Democratic Republic of the Congo
EPI_ISL_13056242	2006-12-26	2012-09-27	Africa / Democratic Republic of the Congo
EPI_ISL_13056243	2006-12-14	2012-09-27	Africa / Democratic Republic of the Congo
EPI_ISL_13056244	2007-01-02	2012-09-27	Africa / Democratic Republic of the Congo
EPI_ISL_13056245	2007-02-10	2012-09-27	Africa / Democratic Republic of the Congo
EPI_ISL_13056246	2007-02-26	2012-09-27	Africa / Democratic Republic of the Congo
EPI_ISL_13056247	2007-03-22	2012-09-27	Africa / Democratic Republic of the Congo
EPI_ISL_13056248	2007-03-20	2012-09-27	Africa / Democratic Republic of the Congo
EPI_ISL_13056249	2007-03-25	2012-09-27	Africa / Democratic Republic of the Congo
EPI_ISL_13056250	2007-03-25	2012-09-27	Africa / Democratic Republic of the Congo
EPI_ISL_13056251	2007-04-20	2012-09-27	Africa / Democratic Republic of the Congo
EPI_ISL_13056252	2007-05-27	2012-09-27	Africa / Democratic Republic of the Congo
EPI_ISL_13056253	2007-05-25	2012-09-27	Africa / Democratic Republic of the Congo
EPI_ISL_13056254	2007-06-30	2012-09-27	Africa / Democratic Republic of the Congo
EPI_ISL_13056255	2007-09-04	2012-09-27	Africa / Democratic Republic of the Congo
EPI_ISL_13056256	2012-12-17	2015-02-03	Africa / Democratic Republic of the Congo / Sud Kivu / Shabunda / Mabaka
EPI_ISL_13056257	2012-12-17	2015-02-03	Africa / Democratic Republic of the Congo / Sud Kivu / Shabunda / Mabaka
EPI_ISL_13056258	2012-12-17	2015-02-03	Africa / Democratic Republic of the Congo / Sud Kivu / Shabunda / Mabaka
EPI_ISL_13056259	2012-12-17	2015-02-03	Africa / Democratic Republic of the Congo / Sud Kivu / Shabunda / Mabaka
EPI_ISL_13056260	2012-12-17	2015-02-03	Africa / Democratic Republic of the Congo / Sud Kivu / Shabunda / Mabaka
EPI_ISL_13056261	2011-11-23	2015-02-03	Africa / Democratic Republic of the Congo / Nord Kivu / Walikale / Boboro
EPI_ISL_13056262	2011-11-23	2015-02-03	Africa / Democratic Republic of the Congo / Nord Kivu / Walikale / Boboro
EPI_ISL_13056263	2011-11-23	2015-02-03	Africa / Democratic Republic of the Congo / Nord Kivu / Walikale / Boboro
EPI_ISL_13056264	2011-11-23	2015-02-03	Africa / Democratic Republic of the Congo / Nord Kivu / Walikale / Boboro
EPI_ISL_13056265	2012-09-12	2015-02-03	Africa / Democratic Republic of the Congo / Nord Kivu / Musienene / Butembo
EPI_ISL_13056266	2012-09-12	2015-02-03	Africa / Democratic Republic of the Congo / Nord Kivu / Musienene / Butembo
EPI_ISL_13056267	2012-09-12	2015-02-03	Africa / Democratic Republic of the Congo / Nord Kivu / Musienene / Butembo
EPI_ISL_13056268	2012-09-12	2015-02-03	Africa / Democratic Republic of the Congo / Nord Kivu / Musienene / Butembo
EPI_ISL_13056269	2012-09-12	2015-02-03	Africa / Democratic Republic of the Congo / Nord Kivu / Musienene / Butembo
EPI_ISL_13056270	2011-11-23	2015-02-03	Africa / Democratic Republic of the Congo / Nord Kivu / Walikale / Boboro
EPI_ISL_13056271	2018-09	2020-07-20	Europe / United Kingdom / England
EPI_ISL_13056272	2018-09	2020-07-20	Europe / United Kingdom / England
EPI_ISL_13056273	2018-09	2020-07-20	Europe / United Kingdom / England
EPI_ISL_13056274	2019	2020-07-20	Asia / Singapore
EPI_ISL_13056275	2017-11-09	2019-04-10	Africa / Nigeria / Rivers State
EPI_ISL_13056276	2017-11-09	2019-04-10	Africa / Nigeria / Rivers State
EPI_ISL_13056277	2017-12-06	2019-04-10	Africa / Nigeria / Rivers State
EPI_ISL_13056278	2017-11-30	2019-04-10	Africa / Nigeria / Rivers State
EPI_ISL_13056279	2017-11-09	2019-04-10	Africa / Nigeria / Rivers State
EPI_ISL_13056280	2017-11-01	2019-04-10	Africa / Nigeria / Rivers State
EPI_ISL_13056281	2017-10-09	2019-04-10	Africa / Nigeria / Rivers State
EPI_ISL_13056282	2018	2020-07-20	Africa / Nigeria / Rivers State
EPI_ISL_13056283	2018	2020-07-20	Africa / Nigeria / Lagos State
EPI_ISL_13056284	2018	2020-07-20	Africa / Nigeria / Federal Capital Territory
EPI_ISL_13056285	2018	2020-07-20	Africa / Nigeria / Delta State
EPI_ISL_13056286	2018	2020-07-20	Africa / Nigeria / Bayelsa State
EPI_ISL_13056287	2016-01	2017-07-01	Africa / Democratic Republic of the Congo
EPI_ISL_13056288	2016-01	2017-07-01	Africa / Democratic Republic of the Congo
EPI_ISL_13056289	2018-10-04	2019-11-05	Asia / Israel
EPI_ISL_13056556	1962	2004-04-22	North America / USA
EPI_ISL_13056891	2022-05-11	2022-06-01	Europe / United Kingdom / England
EPI_ISL_13056892	2022-05-19	2022-06-01	Europe / Portugal
EPI_ISL_13056893	2022-05-18	2022-06-01	Europe / Portugal
EPI_ISL_13056894	2022-05-18	2022-06-01	Europe / Portugal
EPI_ISL_13056895	2022-05-18	2022-06-01	Europe / Portugal
EPI_ISL_13056896	2022-05-19	2022-06-01	Europe / Portugal
EPI_ISL_13056897	2022-05-19	2022-06-01	Europe / Portugal
EPI_ISL_13056898	2022-05-20	2022-06-01	Europe / Portugal
EPI_ISL_13056899	2022-05-20	2022-06-01	Europe / Portugal
EPI_ISL_13056900	2022-05-23	2022-06-01	Europe / Portugal
EPI_ISL_13056901	2022-05-21	2022-06-01	Europe / Portugal
EPI_ISL_13056902	2022-05-20	2022-06-01	Europe / Portugal
EPI_ISL_13056903	2022-05-23	2022-06-01	Europe / Portugal
EPI_ISL_13056904	2022-05-19	2022-06-01	Europe / Portugal
EPI_ISL_13056905	2022-05-19	2022-06-01	Europe / Portugal
EPI_ISL_13056906	2022-05-19	2022-06-01	Europe / Portugal
EPI_ISL_13056907	2022-05-20	2022-06-01	Europe / Portugal
EPI_ISL_13056908	2022-05-23	2022-06-01	Europe / Portugal
EPI_ISL_13056909	2022-05-23	2022-06-01	Europe / Portugal
EPI_ISL_13056910	2022-05-20	2022-06-01	Asia / Israel
EPI_ISL_13058395	1970	2001-05-01	Africa / Liberia
EPI_ISL_13058396	1971	2001-05-01	Africa / Nigeria
EPI_ISL_13058397	1997	2001-05-01	Africa / Democratic Republic of the Congo
EPI_ISL_13058398	1970	2001-05-01	Africa / Sierra Leone
EPI_ISL_13058399	1978	2001-05-01	Africa / Benin
EPI_ISL_13058400	1974	2001-05-01	Africa / Democratic Republic of the Congo
EPI_ISL_13058401	1979	2001-05-01	Africa / Democratic Republic of the Congo
EPI_ISL_13058402	1996	2001-05-01	Africa / Democratic Republic of the Congo
EPI_ISL_13058403	1970	2001-05-01	Africa / Democratic Republic of the Congo
EPI_ISL_13058404	2003	2005-04-18	Africa / Republic of the Congo
EPI_ISL_13058405	1970	2005-04-18	Africa / Liberia
EPI_ISL_13058406	2004	2006-03-10	Africa / Democratic Republic of the Congo / Kasai
EPI_ISL_13058407	2003	2006-03-10	Africa / Democratic Republic of the Congo
EPI_ISL_13058408	2004	2006-03-10	Africa / Democratic Republic of the Congo / Kasai
EPI_ISL_13058409	2004	2006-03-10	Africa / Democratic Republic of the Congo / Kasai
EPI_ISL_13058410	2002	2006-03-10	Africa / Democratic Republic of the Congo / Kasai
EPI_ISL_13058411	2001	2006-03-10	Africa / Democratic Republic of the Congo / Kasai
EPI_ISL_13058412	2001	2006-03-10	Africa / Democratic Republic of the Congo / Kasai
EPI_ISL_13058413	2003	2006-03-10	Africa / Democratic Republic of the Congo
EPI_ISL_13058414	2001	2006-03-10	Africa / Democratic Republic of the Congo / Kasai
EPI_ISL_13058415	2001	2006-03-10	Africa / Democratic Republic of the Congo / Kasai
EPI_ISL_13058416	2001	2006-03-10	Africa / Democratic Republic of the Congo / Kasai
EPI_ISL_13058417	2004	2006-03-10	Africa / Democratic Republic of the Congo
EPI_ISL_13058418	2004	2006-03-10	Africa / Democratic Republic of the Congo / Kasai
EPI_ISL_13058419	2004	2006-03-10	Africa / Democratic Republic of the Congo / Kasai
EPI_ISL_13058420	2004	2006-03-10	Africa / Democratic Republic of the Congo / Kasai
EPI_ISL_13058421	2004	2006-03-10	Africa / Democratic Republic of the Congo / Kasai
EPI_ISL_13058422	2004	2006-03-10	Africa / Democratic Republic of the Congo / Kasai
EPI_ISL_13058423	2003	2006-03-10	Africa / Democratic Republic of the Congo
EPI_ISL_13058424	2003	2006-03-10	Africa / Democratic Republic of the Congo
EPI_ISL_13058425	2001	2006-03-10	Africa / Democratic Republic of the Congo / Kasai
EPI_ISL_13058426	2001	2006-03-10	Africa / Democratic Republic of the Congo / Kasai
EPI_ISL_13058427	2002	2006-03-10	Africa / Democratic Republic of the Congo / Kasai
EPI_ISL_13058428	2002	2006-03-10	Africa / Democratic Republic of the Congo / Kasai
EPI_ISL_13058429	2002	2006-03-10	Africa / Democratic Republic of the Congo / Kasai
EPI_ISL_13058430	2002	2006-03-10	Africa / Democratic Republic of the Congo / Kasai
EPI_ISL_13058431	2002	2006-03-10	Africa / Democratic Republic of the Congo / Kasai
EPI_ISL_13058432	2002	2006-03-10	Africa / Democratic Republic of the Congo / Kasai
EPI_ISL_13058433	2003	2006-03-10	Africa / Democratic Republic of the Congo
EPI_ISL_13058434	2002	2006-03-10	Africa / Democratic Republic of the Congo / Kasai
EPI_ISL_13058435	2002	2006-03-10	Africa / Democratic Republic of the Congo / Equateur
EPI_ISL_13058436	2003	2006-03-10	Africa / Democratic Republic of the Congo / Bandundu
EPI_ISL_13058437	2002	2006-03-10	Africa / Democratic Republic of the Congo / Equateur
EPI_ISL_13058438	2002	2006-03-10	Africa / Democratic Republic of the Congo / Equateur
EPI_ISL_13058439	2002	2006-03-10	Africa / Democratic Republic of the Congo / Bandundu
EPI_ISL_13058440	2003	2006-03-10	Africa / Democratic Republic of the Congo / Bandundu
EPI_ISL_13058441	2002	2006-03-10	Africa / Democratic Republic of the Congo / Equateur
EPI_ISL_13058442	2002	2006-03-10	Africa / Democratic Republic of the Congo / Equateur
EPI_ISL_13058443	2001	2006-03-10	Africa / Democratic Republic of the Congo / Equateur
EPI_ISL_13058444	2004	2006-03-10	Africa / Democratic Republic of the Congo / Equateur
EPI_ISL_13058445	2004	2006-03-10	Africa / Democratic Republic of the Congo / Equateur
EPI_ISL_13058446	2004	2006-03-10	Africa / Democratic Republic of the Congo / Equateur
EPI_ISL_13058447	2004	2006-03-10	Africa / Democratic Republic of the Congo / Equateur
EPI_ISL_13058448	2004	2006-03-10	Africa / Democratic Republic of the Congo / Equateur
EPI_ISL_13058449	2004	2006-03-10	Africa / Democratic Republic of the Congo / Equateur
EPI_ISL_13058450	2004	2006-03-10	Africa / Democratic Republic of the Congo / Equateur
EPI_ISL_13058451	2002	2006-03-10	Africa / Democratic Republic of the Congo / Equateur
EPI_ISL_13058452	2002	2006-03-10	Africa / Democratic Republic of the Congo / Kasai
EPI_ISL_13058453	2002	2006-03-10	Africa / Democratic Republic of the Congo / Kasai
EPI_ISL_13058454	2002	2006-03-10	Africa / Democratic Republic of the Congo / Equateur
EPI_ISL_13058455	2002	2006-03-10	Africa / Democratic Republic of the Congo / Equateur
EPI_ISL_13058456	1978	2011-09-02	Africa / Democratic Republic of the Congo
EPI_ISL_13058457	2001-08-08	2011-04-11	Africa / Central African Republic
EPI_ISL_13058458	2010-06-04	2011-04-08	Africa / Central African Republic
EPI_ISL_13058459	2005	2012-12-04	Africa / Sudan / Nuri
EPI_ISL_13058460	1985	2012-12-04	Africa / Democratic Republic of the Congo
EPI_ISL_13058461	2010	2012-12-04	Africa / Republic of the Congo
EPI_ISL_13058462	2017	2017-12-14	Africa / Nigeria
EPI_ISL_13058463	2017	2017-12-14	Africa / Nigeria
EPI_ISL_13058464	2017	2017-12-14	Africa / Nigeria
EPI_ISL_13058465	2017-02-06	2019-11-07	Africa / Central African Republic
EPI_ISL_13058466	2017-02-06	2019-11-07	Africa / Central African Republic
EPI_ISL_13058467	2018-04-14	2019-11-07	Africa / Central African Republic
EPI_ISL_13058468	2018-03-20	2019-11-07	Africa / Central African Republic
EPI_ISL_13058469	2018-03-07	2019-11-07	Africa / Central African Republic
EPI_ISL_13058470	2016-01-02	2019-11-07	Africa / Central African Republic
EPI_ISL_13058471	2016-01-01	2019-11-07	Africa / Central African Republic
EPI_ISL_13058472	2017-04-14	2019-11-07	Africa / Central African Republic
EPI_ISL_13058473	2010-08-10	2019-11-07	Africa / Central African Republic
EPI_ISL_13058474	2001-08-11	2019-11-07	Africa / Central African Republic
EPI_ISL_13058475	2019-05-08	2020-03-24	Asia / Singapore
EPI_ISL_13069002	2022-05	2022-06-02	Europe / Netherlands
EPI_ISL_13089461	2022-05-27	2022-06-03	Europe / Spain / Madrid
EPI_ISL_13090993	2022-05	2022-06-03	South America / Argentina / Buenos Aires
EPI_ISL_13094227	2022-05-22	2022-06-03	North America / USA / Florida
EPI_ISL_13096615	2022-05	2022-06-03	North America / USA / Virginia
EPI_ISL_13100618	2022-05	2022-06-03	North America / USA / California
EPI_ISL_13100619	2022-05	2022-06-03	North America / USA / Florida
EPI_ISL_13100620	2022-05	2022-06-03	North America / USA / Utah
EPI_ISL_13100621	2021-07	2022-06-03	North America / USA / Texas
EPI_ISL_13100622	2021-11	2022-06-03	North America / USA / Maryland
EPI_ISL_13100719	2022-05	2022-06-03	North America / USA / Utah
EPI_ISL_13106454	2022-05-31	2022-06-06	Europe / Spain / Madrid
EPI_ISL_13117291	2022-05	2022-06-06	Europe / Germany
EPI_ISL_13117292	2022-05	2022-06-06	Europe / Germany
EPI_ISL_13117293	2022-05	2022-06-06	Europe / Germany
EPI_ISL_13117294	2022-05	2022-06-06	Europe / Germany
EPI_ISL_13117295	2022-05	2022-06-06	Europe / Germany
EPI_ISL_13117296	2022-05	2022-06-06	Europe / Germany
EPI_ISL_13117297	2022-05	2022-06-06	Europe / Germany
EPI_ISL_13117298	2022-05	2022-06-06	Europe / Germany
EPI_ISL_13148263	2022-05	2022-06-07	Europe / Germany
EPI_ISL_13148264	2022-05	2022-06-07	Europe / Germany
EPI_ISL_13148265	2022-05	2022-06-07	Europe / Germany
EPI_ISL_13148266	2022-05	2022-06-07	Europe / Germany
EPI_ISL_13148267	2022-05	2022-06-07	Europe / Germany
EPI_ISL_13148268	2022-05	2022-06-07	Europe / Germany
EPI_ISL_13148269	2022-05	2022-06-07	Europe / Germany
EPI_ISL_13148270	2022-05	2022-06-07	Europe / Germany
EPI_ISL_13148271	2022-05	2022-06-07	Europe / Germany
EPI_ISL_13148272	2022-05	2022-06-07	Europe / Germany
EPI_ISL_13148273	2022-05	2022-06-07	Europe / Germany
EPI_ISL_13148274	2022-05	2022-06-07	Europe / Germany
EPI_ISL_13148275	2022-05	2022-06-07	Europe / Germany
EPI_ISL_13148276	2022-05	2022-06-07	Europe / Germany
EPI_ISL_13157812	2022-05-26	2022-06-08	Europe / Italy / Lombardy
EPI_ISL_13158444	2022-05-26	2022-06-08	Europe / Italy / Lombardy
EPI_ISL_13159759	2022-05-26	2022-06-08	Europe / Italy / Lombardy
EPI_ISL_13191424	2022-06	2022-06-09	South America / Argentina / Ciudad Autonoma de Buenos Aires
EPI_ISL_13191438	2022-06-07	2022-06-09	South America / Brazil / Sao Paulo / Sao Paulo
EPI_ISL_13194516	2022-05-31	2022-06-09	North America / Canada / Alberta
EPI_ISL_13234112	2022-05-31	2022-06-12	South America / Brazil / Rio Grande do Sul / Porto Alegre
EPI_ISL_13242738	2022-06-06	2022-06-13	Europe / Spain / Madrid
EPI_ISL_13244349	2022-06-03	2022-06-13	Europe / Netherlands
EPI_ISL_13244610	2022-06-03	2022-06-13	Europe / Netherlands
EPI_ISL_13251120	2022-05-19	2022-06-13	Europe / Italy
EPI_ISL_13251157	2022-06-01	2022-06-13	Europe / Switzerland / Zurich
EPI_ISL_13251584	2022-06-02	2022-06-13	Europe / Switzerland / Zurich
EPI_ISL_13251723	2022-06-02	2022-06-13	Europe / Switzerland / Zurich
EPI_ISL_13269478	2022-06-06	2022-06-13	North America / Canada / Alberta
EPI_ISL_13270980	2022-06-07	2022-06-13	South America / Brazil / Sao Paulo / Sao Paulo
EPI_ISL_13302316	2022-05-25	2022-06-15	Europe / Italy / Lombardia
EPI_ISL_13304977	2022-05-30	2022-06-15	Europe / Hungary / Budapest
EPI_ISL_13308117	2022-06	2022-06-15	Europe / Germany
EPI_ISL_13308118	2022-06	2022-06-15	Europe / Germany
EPI_ISL_13308119	2022-06	2022-06-15	Europe / Germany
EPI_ISL_13308121	2022-06	2022-06-15	Europe / Germany
EPI_ISL_13308122	2022-06	2022-06-15	Europe / Germany
EPI_ISL_13308124	2022-06	2022-06-15	Europe / Germany
EPI_ISL_13308125	2022-06	2022-06-15	Europe / Germany
EPI_ISL_13308127	2022-06	2022-06-15	Europe / Germany
EPI_ISL_13308129	2022-06	2022-06-15	Europe / Germany
EPI_ISL_13308131	2022-06	2022-06-15	Europe / Germany
EPI_ISL_13308133	2022-06	2022-06-15	Europe / Germany
EPI_ISL_13308135	2022-06	2022-06-15	Europe / Germany
EPI_ISL_13308137	2022-06	2022-06-15	Europe / Germany
EPI_ISL_13308139	2022-06	2022-06-15	Europe / Germany
EPI_ISL_13308140	2022-06	2022-06-15	Europe / Germany
EPI_ISL_13308142	2022-06	2022-06-15	Europe / Germany
EPI_ISL_13308144	2022-06	2022-06-15	Europe / Germany
EPI_ISL_13308145	2022-06	2022-06-15	Europe / Germany
EPI_ISL_13308146	2022-06	2022-06-15	Europe / Germany
EPI_ISL_13308147	2022-06	2022-06-15	Europe / Germany
EPI_ISL_13308148	2022-06	2022-06-15	Europe / Germany
EPI_ISL_13308150	2022-06	2022-06-15	Europe / Germany
EPI_ISL_13308151	2022-06	2022-06-15	Europe / Germany
EPI_ISL_13308153	2022-06	2022-06-15	Europe / Germany
EPI_ISL_13308155	2022-06	2022-06-15	Europe / Germany
EPI_ISL_13308157	2022-06	2022-06-15	Europe / Germany
EPI_ISL_13308158	2022-05-19	2022-06-15	Europe / France
EPI_ISL_13308160	2022-05-20	2022-06-15	Europe / France
EPI_ISL_13308162	2022-06	2022-06-15	Europe / Slovenia
EPI_ISL_13308163	2022-06	2022-06-15	Europe / Slovenia
EPI_ISL_13308165	2022-06	2022-06-15	Europe / Slovenia
EPI_ISL_13308167	2022-05-23	2022-06-15	Europe / Slovenia
EPI_ISL_13314740	2022-06-11	2022-06-15	South America / Brazil / Sao Paulo / Vinhedo
EPI_ISL_13331598	2022-06-04	2022-06-16	Asia / Georgia / Tbilisi
EPI_ISL_13331712	2022-05-19	2022-06-16	Europe / Italy
EPI_ISL_13331713	2022-05-21	2022-06-16	Europe / Italy
EPI_ISL_13331714	2022-05	2022-06-16	Europe / Finland
EPI_ISL_13331715	2022	2022-06-16	Europe / Finland
EPI_ISL_13331716	2022-05-31	2022-06-16	Europe / Spain
EPI_ISL_13331717	2022-05-31	2022-06-16	Europe / Spain
EPI_ISL_13338028	2022-05-30	2022-06-17	Europe / Belgium
EPI_ISL_13339105	2022-06-07	2022-06-17	Europe / Spain / Andalusia
EPI_ISL_13342823	2022-05-13	2022-06-17	Europe / Belgium
EPI_ISL_13343634	2022-06-13	2022-06-17	South America / Brazil / Sao Paulo / Sao Paulo
EPI_ISL_13343697	2022-06-07	2022-06-17	South America / Brazil / Rio Grande do Sul / Porto Alegre
EPI_ISL_13343718	2022-06-15	2022-06-17	South America / Brazil / Sao Paulo / Indaiatuba
EPI_ISL_13351002	2022-06	2022-06-17	North America / Canada / British Columbia
EPI_ISL_13362760	2022-06-08	2022-06-20	Europe / Italy / Apulia / Bari
EPI_ISL_13362764	2022-06-11	2022-06-20	Europe / Italy / Apulia / Taranto
EPI_ISL_13363142	2022-06-10	2022-06-20	Europe / Spain / Catalunya
EPI_ISL_13374487	2022-06-01	2022-06-20	Europe / Hungary / Budapest
EPI_ISL_13408797	2022-06	2022-06-21	South America / Argentina / Ciudad Autonoma de Buenos Aires
EPI_ISL_13408799	2022-05-21	2022-06-21	North America / Canada
EPI_ISL_13408801	2022-05-21	2022-06-21	North America / Canada
EPI_ISL_13408803	2022-05-20	2022-06-21	North America / Canada
EPI_ISL_13408805	2022-05-17	2022-06-21	North America / Canada
EPI_ISL_13408807	2022-05-17	2022-06-21	North America / Canada
EPI_ISL_13408809	2022-05-18	2022-06-21	North America / Canada
EPI_ISL_13408811	2022-05-14	2022-06-21	North America / Canada
EPI_ISL_13408813	2022-05-19	2022-06-21	North America / Canada
EPI_ISL_13408815	2022-05-19	2022-06-21	North America / Canada
EPI_ISL_13408817	2022-05-19	2022-06-21	North America / Canada
EPI_ISL_13408819	2022-05-19	2022-06-21	North America / Canada
EPI_ISL_13408821	2022-05-19	2022-06-21	North America / Canada
EPI_ISL_13408823	2022-05-19	2022-06-21	North America / Canada
EPI_ISL_13408825	2022-05-19	2022-06-21	North America / Canada
EPI_ISL_13408827	2022-05-18	2022-06-21	North America / Canada
EPI_ISL_13408829	2022-05-21	2022-06-21	North America / Canada
EPI_ISL_13408831	2022-05-19	2022-06-21	North America / Canada
EPI_ISL_13408833	2022-05-19	2022-06-21	North America / Canada
EPI_ISL_13408835	2022-05-20	2022-06-21	North America / Canada
EPI_ISL_13408837	2022-05-20	2022-06-21	North America / Canada
EPI_ISL_13408839	2022-05-20	2022-06-21	North America / Canada
EPI_ISL_13408841	2022-05-20	2022-06-21	North America / Canada
EPI_ISL_13408843	2022-05-20	2022-06-21	North America / Canada
EPI_ISL_13408845	2022-05-20	2022-06-21	North America / Canada
EPI_ISL_13408847	2022-05-20	2022-06-21	North America / Canada
EPI_ISL_13408849	2022-05-20	2022-06-21	North America / Canada
EPI_ISL_13408851	2022-05-20	2022-06-21	North America / Canada
EPI_ISL_13408853	2022-05-22	2022-06-21	North America / Canada
EPI_ISL_13408855	2022-05-23	2022-06-21	North America / Canada
EPI_ISL_13408857	2022-05-16	2022-06-21	North America / Canada
EPI_ISL_13408859	2022-05-16	2022-06-21	North America / Canada
EPI_ISL_13408861	2022-05-24	2022-06-21	North America / Canada
EPI_ISL_13409177	2022-05-15	2022-06-21	Europe / United Kingdom / Scotland
EPI_ISL_13409178	2022-05-15	2022-06-21	Europe / United Kingdom / Scotland
EPI_ISL_13409179	2022-05-15	2022-06-21	Europe / United Kingdom / Scotland
EPI_ISL_13409180	2022-05-15	2022-06-21	Europe / United Kingdom / Scotland
EPI_ISL_13409181	2022-05-15	2022-06-21	Europe / United Kingdom / Scotland
EPI_ISL_13411153	2022-06	2022-06-22	Europe / Germany
EPI_ISL_13411154	2022-06	2022-06-22	Europe / Germany
EPI_ISL_13411155	2022-06	2022-06-22	Europe / Germany
EPI_ISL_13411156	2022-06	2022-06-22	Europe / Germany
EPI_ISL_13411157	2022-06	2022-06-22	Europe / Germany
EPI_ISL_13411158	2022-06	2022-06-22	Europe / Germany
EPI_ISL_13411159	2022-06	2022-06-22	Europe / Germany
EPI_ISL_13411160	2022-06	2022-06-22	Europe / Germany
EPI_ISL_13411161	2022-06	2022-06-22	Europe / Germany
EPI_ISL_13411162	2022-06	2022-06-22	Europe / Germany
EPI_ISL_13411163	2022-06	2022-06-22	Europe / Germany
EPI_ISL_13411164	2022-06	2022-06-22	Europe / Germany
EPI_ISL_13411165	2022-06	2022-06-22	Europe / Germany
EPI_ISL_13411166	2022-06	2022-06-22	Europe / Germany
EPI_ISL_13411167	2022-06	2022-06-22	Europe / Germany
EPI_ISL_13411168	2022-06	2022-06-22	Europe / Germany
EPI_ISL_13436658	2022-06-14	2022-06-23	South America / Brazil / Sao Paulo / Sao Paulo
EPI_ISL_13436792	2022-06-13	2022-06-23	South America / Brazil / Sao Paulo / Indaiatuba
EPI_ISL_13437056	2022-06-20	2022-06-23	South America / Brazil / Sao Paulo / Sao Bernado do Campo
EPI_ISL_13445553	2022-06	2022-06-24	Europe / Slovenia
EPI_ISL_13449965	2022-06-06	2022-06-24	Europe / Spain / Madrid
EPI_ISL_13449966	2022-05-20	2022-06-24	Europe / Spain / Madrid
EPI_ISL_13459346	2022-06-21	2022-06-25	South America / Brazil / Sao Paulo / Sao Paulo
EPI_ISL_13459347	2022-06-22	2022-06-25	South America / Brazil / Sao Paulo / Sao Paulo
EPI_ISL_13459482	2022-06-22	2022-06-25	South America / Brazil / Sao Paulo / Sao Paulo
EPI_ISL_13459483	2022-06-23	2022-06-25	South America / Brazil / Sao Paulo / Sao Paulo
EPI_ISL_13466446	2022-05-13	2022-06-26	Europe / Portugal
EPI_ISL_13466447	2022-05-18	2022-06-26	Europe / Portugal
EPI_ISL_13466448	2022-05-24	2022-06-26	Europe / Portugal
EPI_ISL_13466449	2022-05-24	2022-06-26	Europe / Portugal
EPI_ISL_13466450	2022-05-26	2022-06-26	Europe / Portugal
EPI_ISL_13466451	2022-05-26	2022-06-26	Europe / Portugal
EPI_ISL_13466452	2022-05-26	2022-06-26	Europe / Portugal
EPI_ISL_13466453	2022-05-26	2022-06-26	Europe / Portugal
EPI_ISL_13466454	2022-05-26	2022-06-26	Europe / Portugal
EPI_ISL_13466455	2022-05-27	2022-06-26	Europe / Portugal
EPI_ISL_13466456	2022-05-27	2022-06-26	Europe / Portugal
EPI_ISL_13466457	2022-05-30	2022-06-26	Europe / Portugal
EPI_ISL_13466458	2022-05-30	2022-06-26	Europe / Portugal
EPI_ISL_13466459	2022-06-02	2022-06-26	Europe / Portugal
EPI_ISL_13466460	2022-06-02	2022-06-26	Europe / Portugal
EPI_ISL_13466461	2022-06-02	2022-06-26	Europe / Portugal
EPI_ISL_13466462	2022-06-02	2022-06-26	Europe / Portugal
EPI_ISL_13466463	2022-06-03	2022-06-26	Europe / Portugal
EPI_ISL_13466464	2022-06-06	2022-06-26	Europe / Portugal
EPI_ISL_13466465	2022-05-30	2022-06-26	Europe / Portugal
EPI_ISL_13472080	2022-06-06	2022-06-27	Europe / Poland / Mazowieckie
EPI_ISL_13472250	2022-05-23	2022-06-27	Europe / Austria / Vienna
EPI_ISL_13483155	2022-06	2022-06-27	Europe / Germany
EPI_ISL_13483157	2022-06	2022-06-27	Europe / Germany
EPI_ISL_13483159	2022-06	2022-06-27	Europe / Germany
EPI_ISL_13483161	2022-06	2022-06-27	Europe / Germany
EPI_ISL_13483162	2022-06	2022-06-27	Europe / Germany
EPI_ISL_13483163	2022-06	2022-06-27	Europe / Germany
EPI_ISL_13483164	2022-06	2022-06-27	Europe / Germany
EPI_ISL_13483165	2022-06	2022-06-27	Europe / Germany
EPI_ISL_13483167	2022-06	2022-06-27	Europe / Germany
EPI_ISL_13483168	2022-06	2022-06-27	Europe / Germany
EPI_ISL_13483170	2022-06	2022-06-27	Europe / Germany
EPI_ISL_13483171	2022-06	2022-06-27	Europe / Germany
EPI_ISL_13483173	2022-06	2022-06-27	Europe / Germany
EPI_ISL_13483175	2022-06	2022-06-27	Europe / Germany
EPI_ISL_13483177	2022-06	2022-06-27	Europe / Germany
EPI_ISL_13483178	2022-06	2022-06-27	Europe / Germany
EPI_ISL_13483180	2022-06	2022-06-27	Europe / Germany
EPI_ISL_13483182	2022-06	2022-06-27	Europe / Germany
EPI_ISL_13483183	2022-06	2022-06-27	Europe / Germany
EPI_ISL_13483185	2022-06	2022-06-27	Europe / Germany
EPI_ISL_13483187	2022-06	2022-06-27	Europe / Germany
EPI_ISL_13483188	2022-06	2022-06-27	Europe / Germany
EPI_ISL_13483190	2022-06	2022-06-27	Europe / Germany
EPI_ISL_13483191	2022-06	2022-06-27	Europe / Germany
EPI_ISL_13483193	2022-06	2022-06-27	Europe / Germany
EPI_ISL_13483195	2022-06	2022-06-27	Europe / Germany
EPI_ISL_13483196	2022-06	2022-06-27	Europe / Germany
EPI_ISL_13483198	2022-06	2022-06-27	Europe / Germany
EPI_ISL_13483200	2022-06	2022-06-27	Europe / Germany
EPI_ISL_13483201	2022-06	2022-06-27	Europe / Germany
EPI_ISL_13483203	2022-06	2022-06-27	Europe / Germany
EPI_ISL_13483205	2022-06	2022-06-27	Europe / Germany
EPI_ISL_13483206	2022-06	2022-06-27	Europe / Germany
EPI_ISL_13483208	2022-06	2022-06-27	Europe / Germany
EPI_ISL_13483780	2022-05-30	2022-06-27	Europe / Ireland / Dublin
EPI_ISL_13484458	2022-06-16	2022-06-27	South America / Brazil / Rio de Janeiro / Marica
EPI_ISL_13498265	2022-06-20	2022-06-28	Africa / South Africa / Gauteng
EPI_ISL_13499566	2022-06-14	2022-06-28	Europe / Netherlands
EPI_ISL_13502582	2022-06-13	2022-06-28	Europe / Italy / Piedmont
EPI_ISL_13508393	2022-06-24	2022-06-28	South America / Brazil / Sao Paulo / Itapevi
EPI_ISL_13508471	2022-06-24	2022-06-28	South America / Brazil / Sao Paulo / Sao Paulo
EPI_ISL_13511312	2022-06-21	2022-06-28	South America / Colombia / Antioquia
EPI_ISL_13530881	2022-06-25	2022-06-30	South America / Peru / Lima
EPI_ISL_13537922	2022-06-14	2022-06-30	South America / Brazil / Sao Paulo
EPI_ISL_13537923	2022-05-22	2022-05-27	Europe / Belgium
EPI_ISL_13537924	2022-05-22	2022-06-30	Europe / Belgium
EPI_ISL_13537925	2022-05-22	2022-06-30	Europe / Belgium
EPI_ISL_13537926	2022-05-22	2022-06-30	Europe / Belgium
EPI_ISL_13544223	2022-05-20	2022-06-30	North America / Canada
EPI_ISL_13544224	2022-05-22	2022-06-30	North America / Canada
EPI_ISL_13544225	2022-05-27	2022-06-30	North America / Canada
EPI_ISL_13544226	2022-05-30	2022-06-30	North America / Canada
EPI_ISL_13544227	2022-05-31	2022-06-30	North America / Canada
EPI_ISL_13544228	2022-05-29	2022-06-30	North America / Canada
EPI_ISL_13544229	2022-05-30	2022-06-30	North America / Canada
EPI_ISL_13544230	2022-06-01	2022-06-30	North America / Canada
EPI_ISL_13544231	2022-06-04	2022-06-30	North America / Canada
EPI_ISL_13544232	2022-06-04	2022-06-30	North America / Canada
EPI_ISL_13544233	2022-06-04	2022-06-30	North America / Canada
EPI_ISL_13544234	2022-06-02	2022-06-30	North America / Canada
EPI_ISL_13544235	2022-05-27	2022-06-30	North America / Canada
EPI_ISL_13544236	2022-06-08	2022-06-30	North America / Canada
EPI_ISL_13544237	2022-05-13	2022-06-30	North America / Canada
EPI_ISL_13544238	2022-05-19	2022-06-30	North America / Canada
EPI_ISL_13544239	2022-05-19	2022-06-30	North America / Canada
EPI_ISL_13544240	2022-05-21	2022-06-30	North America / Canada
EPI_ISL_13544241	2022-05-20	2022-06-30	North America / Canada
EPI_ISL_13544242	2022-05-26	2022-06-30	North America / Canada
EPI_ISL_13544243	2022-05-25	2022-06-30	North America / Canada
EPI_ISL_13544244	2022-05-27	2022-06-30	North America / Canada
EPI_ISL_13544245	2022-05-27	2022-06-30	North America / Canada
EPI_ISL_13544246	2022-05-27	2022-06-30	North America / Canada
EPI_ISL_13544247	2022-05-28	2022-06-30	North America / Canada
EPI_ISL_13544248	2022-05-29	2022-06-30	North America / Canada
EPI_ISL_13544249	2022-05-29	2022-06-30	North America / Canada
EPI_ISL_13544250	2022-05-30	2022-06-30	North America / Canada
EPI_ISL_13544251	2022-05-30	2022-06-30	North America / Canada
EPI_ISL_13544252	2022-05-30	2022-06-30	North America / Canada
EPI_ISL_13544253	2022-05-31	2022-06-30	North America / Canada
EPI_ISL_13544254	2022-05-31	2022-06-30	North America / Canada
EPI_ISL_13544255	2022-05-31	2022-06-30	North America / Canada
EPI_ISL_13544256	2022-06-01	2022-06-30	North America / Canada
EPI_ISL_13544257	2022-06-01	2022-06-30	North America / Canada
EPI_ISL_13544258	2022-06-01	2022-06-30	North America / Canada
EPI_ISL_13544259	2022-06-01	2022-06-30	North America / Canada
EPI_ISL_13544260	2022-05-31	2022-06-30	North America / Canada
EPI_ISL_13544261	2022-06-02	2022-06-30	North America / Canada
EPI_ISL_13544262	2022-06-02	2022-06-30	North America / Canada
EPI_ISL_13544263	2022-06-02	2022-06-30	North America / Canada
EPI_ISL_13544264	2022-06-02	2022-06-30	North America / Canada
EPI_ISL_13544265	2022-06-02	2022-06-30	North America / Canada
EPI_ISL_13544266	2022-06-02	2022-06-30	North America / Canada
EPI_ISL_13544267	2022-06-02	2022-06-30	North America / Canada
EPI_ISL_13573943	2022-06-21	2022-07-01	Europe / Austria / Vorarlberg
EPI_ISL_13584854	2022-06-23	2022-07-01	Europe / Germany
EPI_ISL_13586184	2022-06-23	2022-07-01	Europe / Germany
EPI_ISL_13624509	2022-05-27	2022-07-04	North America / Mexico / Mexico City
EPI_ISL_13632068	2022-06	2022-07-05	Oceania / Australia
EPI_ISL_13632071	2022-06-27	2022-07-05	Asia / Taiwan / Taipei
EPI_ISL_13632288	2022-06-24	2022-07-05	Africa / South Africa / Western Cape
EPI_ISL_13651348	2022-06-27	2022-07-05	South America / Peru / Lima
EPI_ISL_13651349	2022-06-27	2022-07-05	South America / Peru / Lima
EPI_ISL_13651350	2022-06-29	2022-07-05	South America / Peru / Lima
EPI_ISL_13658019	2022-06-23	2022-07-06	Europe / Netherlands
EPI_ISL_13658021	2022-06-23	2022-07-06	Europe / Netherlands
EPI_ISL_13660191	2022-06-10	2022-07-06	Europe / Luxembourg
EPI_ISL_13705358	2022-07-04	2022-07-07	South America / Brazil / Sao Paulo / Sao Paulo
EPI_ISL_13705407	2022-07-04	2022-07-07	South America / Brazil / Sao Paulo / Sao Paulo
EPI_ISL_13717674	2022-06-24	2022-07-08	Europe / Luxembourg
EPI_ISL_13728303	2022-06-21	2022-07-09	Europe / Netherlands / Noord-Holland / Amsterdam
EPI_ISL_13732932	2022-07-06	2022-07-10	South America / Brazil / Sao Paulo / Sao Paulo
EPI_ISL_13734233	2022-06-21	2022-07-10	Europe / Spain / Madrid
EPI_ISL_13734237	2022-07	2022-07-10	Europe / Germany
EPI_ISL_13734238	2022-07	2022-07-10	Europe / Germany
EPI_ISL_13734239	2022-07	2022-07-10	Europe / Germany
EPI_ISL_13734240	2022-07	2022-07-10	Europe / Germany
EPI_ISL_13734241	2022-07	2022-07-10	Europe / Germany
EPI_ISL_13734242	2022-07	2022-07-10	Europe / Germany
EPI_ISL_13734243	2022-07	2022-07-10	Europe / Germany
EPI_ISL_13734244	2022-07	2022-07-10	Europe / Germany
EPI_ISL_13734245	2022-07	2022-07-10	Europe / Germany
EPI_ISL_13734246	2022-07	2022-07-10	Europe / Germany
EPI_ISL_13734247	2022-07	2022-07-10	Europe / Germany
EPI_ISL_13734248	2022-07	2022-07-10	Europe / Germany
EPI_ISL_13734249	2022-07	2022-07-10	Europe / Germany
EPI_ISL_13734250	2022-07	2022-07-10	Europe / Germany
EPI_ISL_13734251	2022-07	2022-07-10	Europe / Germany
EPI_ISL_13734252	2022-07	2022-07-10	Europe / Germany
EPI_ISL_13734253	2022-07	2022-07-10	Europe / Germany
EPI_ISL_13734254	2022-07	2022-07-10	Europe / Germany
EPI_ISL_13734255	2022-07	2022-07-10	Europe / Germany
EPI_ISL_13734256	2022-07	2022-07-10	Europe / Germany
EPI_ISL_13734257	2022-07	2022-07-10	Europe / Germany
EPI_ISL_13734258	2022-07	2022-07-10	Europe / Germany
EPI_ISL_13734259	2022-07	2022-07-10	Europe / Germany
EPI_ISL_13734260	2022-07	2022-07-10	Europe / Germany
EPI_ISL_13734261	2022-07	2022-07-10	Europe / Germany
EPI_ISL_13734262	2022-07	2022-07-10	Europe / Germany
EPI_ISL_13734263	2022-07	2022-07-10	Europe / Germany
EPI_ISL_13734264	2022-07	2022-07-10	Europe / Germany
EPI_ISL_13734265	2022-07	2022-07-10	Europe / Germany
EPI_ISL_13734266	2022-07	2022-07-10	Europe / Germany
EPI_ISL_13734267	2022-07	2022-07-10	Europe / Germany
EPI_ISL_13734268	2022-07	2022-07-10	Europe / Germany
EPI_ISL_13734269	2022-05-27	2022-07-10	Europe / Belgium
EPI_ISL_13734270	2022-05	2022-07-10	North America / USA / California
EPI_ISL_13744896	2022-06	2022-07-11	North America / USA / Illinois
EPI_ISL_13744897	2022-05	2022-07-11	North America / USA / New York
EPI_ISL_13744898	2022-05	2022-07-11	North America / USA / New York
EPI_ISL_13744899	2022-05	2022-07-11	North America / USA / Illinois
EPI_ISL_13744900	2022-05	2022-07-11	North America / USA / New York
EPI_ISL_13744901	2022-06	2022-07-11	North America / USA / New York
EPI_ISL_13744902	2022-06-16	2022-07-11	Europe / Finland
EPI_ISL_13744903	2022-07	2022-07-11	Europe / Germany
EPI_ISL_13744904	2022-07	2022-07-11	Europe / Germany
EPI_ISL_13744905	2022-07	2022-07-11	Europe / Germany
EPI_ISL_13744906	2022-07	2022-07-11	Europe / Germany
EPI_ISL_13744907	2022-07	2022-07-11	Europe / Germany
EPI_ISL_13744908	2022-07	2022-07-11	Europe / Germany
EPI_ISL_13744909	2022-07	2022-07-11	Europe / Germany
EPI_ISL_13744910	2022-07	2022-07-11	Europe / Germany
EPI_ISL_13744911	2022-07	2022-07-11	Europe / Germany
EPI_ISL_13744912	2022-07	2022-07-11	Europe / Germany
EPI_ISL_13744913	2022-07	2022-07-11	Europe / Germany
EPI_ISL_13744914	2022-07	2022-07-11	Europe / Germany
EPI_ISL_13744915	2022-07	2022-07-11	Europe / Germany
EPI_ISL_13744916	2022-07	2022-07-11	Europe / Germany
EPI_ISL_13744917	2022-07	2022-07-11	Europe / Germany
EPI_ISL_13744918	2022-07	2022-07-11	Europe / Germany
EPI_ISL_13744919	2022-07	2022-07-11	Europe / Germany
EPI_ISL_13744920	2022-07	2022-07-11	Europe / Germany
EPI_ISL_13744921	2022-07	2022-07-11	Europe / Germany
EPI_ISL_13744922	2022-07	2022-07-11	Europe / Germany
EPI_ISL_13744923	2022-07	2022-07-11	Europe / Germany
EPI_ISL_13744924	2022-07	2022-07-11	Europe / Germany
EPI_ISL_13744925	2022-07	2022-07-11	Europe / Germany
EPI_ISL_13744926	2022-07	2022-07-11	Europe / Germany
EPI_ISL_13744927	2022-07	2022-07-11	Europe / Germany
EPI_ISL_13744928	2022-07	2022-07-11	Europe / Germany
EPI_ISL_13744929	2022-07	2022-07-11	Europe / Germany
EPI_ISL_13744930	2022-07	2022-07-11	Europe / Germany
EPI_ISL_13744931	2022-07	2022-07-11	Europe / Germany
EPI_ISL_13780332	2022-06-28	2022-07-12	South America / Brazil / Minas Gerais / Belo Horizonte
EPI_ISL_13817808	2022-06-04	2022-07-13	North America / USA / New York / New York City
EPI_ISL_13822667	2022-06-27	2022-07-14	Europe / Netherlands
EPI_ISL_13822668	2022-06-26	2022-07-14	Europe / Netherlands
EPI_ISL_13822669	2022-06-27	2022-07-14	Europe / Netherlands
EPI_ISL_13822718	2022-06-24	2022-07-14	Europe / Netherlands
EPI_ISL_13827273	2022-06-01	2022-07-14	North America / Canada
EPI_ISL_13827274	2022-06-03	2022-07-14	North America / Canada
EPI_ISL_13827275	2022-06-03	2022-07-14	North America / Canada
EPI_ISL_13827277	2022-06-03	2022-07-14	North America / Canada
EPI_ISL_13827278	2022-06-07	2022-07-14	North America / Canada
EPI_ISL_13827279	2022-06-09	2022-07-14	North America / Canada
EPI_ISL_13827280	2022-06-14	2022-07-14	North America / Canada
EPI_ISL_13827281	2022-06-15	2022-07-14	North America / Canada
EPI_ISL_13827282	2022-06-16	2022-07-14	North America / Canada
EPI_ISL_13827283	2022-04-28	2022-07-14	Europe / Czech Republic
EPI_ISL_13833194	2022-07-01	2022-07-14	South America / Peru / Lima
EPI_ISL_13833195	2022-07-01	2022-07-14	South America / Peru / Lima
EPI_ISL_13833196	2022-07-01	2022-07-14	South America / Peru / Lima
EPI_ISL_13833197	2022-07-01	2022-07-14	South America / Peru / Lima
EPI_ISL_13842269	2022-06-10	2022-07-15	Europe / Austria / Lower Austria
EPI_ISL_13842548	2022-07-04	2022-07-15	Europe / Austria / Vienna
EPI_ISL_13889435	2022-06-21	2022-07-18	Europe / Germany / Berlin
EPI_ISL_13889436	2022-05-28	2022-07-18	Europe / Germany / Berlin
EPI_ISL_13889437	2022-06-10	2022-07-18	Europe / Germany / Berlin
EPI_ISL_13889438	2022-06-22	2022-07-18	Europe / Germany / Berlin
EPI_ISL_13889439	2022-06-24	2022-07-18	Europe / Germany / Berlin
EPI_ISL_13889440	2022-06-25	2022-07-18	Europe / Germany / Berlin
EPI_ISL_13889441	2022-06-12	2022-07-18	Europe / Germany / Berlin
EPI_ISL_13889442	2022-05-25	2022-07-18	Europe / Germany / Berlin
EPI_ISL_13889443	2022-06-23	2022-07-18	Europe / Germany / Berlin
EPI_ISL_13889444	2022-06-26	2022-07-18	Europe / Germany / Berlin
EPI_ISL_13889445	2022-06-12	2022-07-18	Europe / Germany / Berlin
EPI_ISL_13889446	2022-05-28	2022-07-18	Europe / Germany / Berlin
EPI_ISL_13889447	2022-06-01	2022-07-18	Europe / Germany / Berlin
EPI_ISL_13889448	2022-06-17	2022-07-18	Europe / Germany / Berlin
EPI_ISL_13889449	2022-06-23	2022-07-18	Europe / Germany / Berlin
EPI_ISL_13889450	2022-06-14	2022-07-18	Europe / Germany / Berlin
EPI_ISL_13889515	2022-06-09	2022-07-18	Europe / Germany / Berlin
EPI_ISL_13889590	2022-06-17	2022-07-18	Europe / Germany / Berlin
EPI_ISL_13889660	2022-05-29	2022-07-18	Europe / Germany / Berlin
EPI_ISL_13889729	2022-06-04	2022-07-18	Europe / Germany / Berlin
EPI_ISL_13889796	2022-06-09	2022-07-18	Europe / Germany / Berlin
EPI_ISL_13889908	2022-06-05	2022-07-18	Europe / Germany / Berlin
EPI_ISL_13889977	2022-06-10	2022-07-18	Europe / Germany / Berlin
EPI_ISL_13890048	2022-06-16	2022-07-18	Europe / Germany / Berlin
EPI_ISL_13890135	2022-05-30	2022-07-18	Europe / Germany / Berlin
EPI_ISL_13890204	2022-06-25	2022-07-18	Europe / Germany / Berlin
EPI_ISL_13890273	2022-05-20	2022-07-18	Europe / Germany / Berlin
EPI_ISL_13890338	2022-06-08	2022-07-18	Europe / Germany / Berlin
EPI_ISL_13890408	2022-06-24	2022-07-18	Europe / Germany / Berlin
EPI_ISL_13890464	2022-06-09	2022-07-18	Europe / Germany / Berlin
EPI_ISL_13890465	2022-06-21	2022-07-18	Europe / Germany / Berlin
EPI_ISL_13890466	2022-06-24	2022-07-18	Europe / Germany / Berlin
EPI_ISL_13890467	2022-05-27	2022-07-18	Europe / Germany / Berlin
EPI_ISL_13890468	2022-06-16	2022-07-18	Europe / Germany / Berlin
EPI_ISL_13890469	2022-06-23	2022-07-18	Europe / Germany / Berlin
EPI_ISL_13890470	2022-06-13	2022-07-18	Europe / Germany / Berlin
EPI_ISL_13890471	2022-06-10	2022-07-18	Europe / Germany / Berlin
EPI_ISL_13890472	2022-06-13	2022-07-18	Europe / Germany / Berlin
EPI_ISL_13890473	2022-06-23	2022-07-18	Europe / Germany / Berlin
EPI_ISL_13890474	2022-05-30	2022-07-18	Europe / Germany / Berlin
EPI_ISL_13890475	2022-05-31	2022-07-18	Europe / Germany / Berlin
EPI_ISL_13890476	2022-06-09	2022-07-18	Europe / Germany / Berlin
EPI_ISL_13890477	2022-06-25	2022-07-18	Europe / Germany / Berlin
EPI_ISL_13890478	2022-06-28	2022-07-18	Europe / Germany / Berlin
EPI_ISL_13890479	2022-06-17	2022-07-18	Europe / Germany / Berlin
EPI_ISL_13890480	2022-06-10	2022-07-18	Europe / Germany / Berlin
EPI_ISL_13890481	2022-05-27	2022-07-18	Europe / Germany / Berlin
EPI_ISL_13890482	2022-06-08	2022-07-18	Europe / Germany / Berlin
EPI_ISL_13891126	2022-06-26	2022-07-18	Europe / Turkey
EPI_ISL_13908328	2022-07	2022-07-19	Asia / Taiwan
EPI_ISL_13908329	2022-05-14	2022-07-19	North America / Canada
EPI_ISL_13908330	2022-05-29	2022-07-19	North America / Canada
EPI_ISL_13908331	2022-05-31	2022-07-19	North America / Canada
EPI_ISL_13908332	2022-06-07	2022-07-19	North America / Canada
EPI_ISL_13908333	2022-06-06	2022-07-19	North America / Canada
EPI_ISL_13908334	2022-06-07	2022-07-19	North America / Canada
EPI_ISL_13908335	2022-06-07	2022-07-19	North America / Canada
EPI_ISL_13908336	2022-06-08	2022-07-19	North America / Canada
EPI_ISL_13908337	2022-06-08	2022-07-19	North America / Canada
EPI_ISL_13908338	2022-06-09	2022-07-19	North America / Canada
EPI_ISL_13908339	2022-06-09	2022-07-19	North America / Canada
EPI_ISL_13908340	2022-06-10	2022-07-19	North America / Canada
EPI_ISL_13908341	2022-06-10	2022-07-19	North America / Canada
EPI_ISL_13908342	2022-06-11	2022-07-19	North America / Canada
EPI_ISL_13908343	2022-06-13	2022-07-19	North America / Canada
EPI_ISL_13908344	2022-06-13	2022-07-19	North America / Canada
EPI_ISL_13908345	2022-06-10	2022-07-19	North America / Canada
EPI_ISL_13908346	2022-07	2022-07-19	Europe / Germany
EPI_ISL_13908347	2022-07	2022-07-19	Europe / Germany
EPI_ISL_13908348	2022-07	2022-07-19	Europe / Germany
EPI_ISL_13908349	2022-07	2022-07-19	Europe / Germany
EPI_ISL_13908350	2022-07	2022-07-19	Europe / Germany
EPI_ISL_13908351	2022-07	2022-07-19	Europe / Germany
EPI_ISL_13908352	2022-07	2022-07-19	Europe / Germany
EPI_ISL_13908353	2022-07	2022-07-19	Europe / Germany
EPI_ISL_13908354	2022-07	2022-07-19	Europe / Germany
EPI_ISL_13908355	2022-07	2022-07-19	Europe / Germany
EPI_ISL_13908356	2022-07	2022-07-19	Europe / Germany
EPI_ISL_13908357	2022-07	2022-07-19	Europe / Germany
EPI_ISL_13908358	2022-07	2022-07-19	Europe / Germany
EPI_ISL_13908359	2022-07	2022-07-19	Europe / Germany
EPI_ISL_13908360	2022-07	2022-07-19	Europe / Germany
EPI_ISL_13908361	2022-07	2022-07-19	Europe / Germany
EPI_ISL_13908362	2022-07	2022-07-19	Europe / Germany
EPI_ISL_13908363	2022-07	2022-07-19	Europe / Germany
EPI_ISL_13908364	2022-07	2022-07-19	Europe / Germany
EPI_ISL_13908365	2022-07	2022-07-19	Europe / Germany
EPI_ISL_13953610	2022-07-13	2022-07-20	Asia / India / Kerala
EPI_ISL_13953611	2022-07-16	2022-07-20	Asia / India / Kerala
EPI_ISL_13955501	2022-07-04	2022-07-20	Europe / Slovakia / Kosice
EPI_ISL_13958697	2022-05-16	2022-07-20	Europe / United Kingdom / England
EPI_ISL_13958698	2022-05	2022-07-20	Europe / United Kingdom / England
EPI_ISL_13983354	2022-07-01	2022-07-21	South America / Brazil / Sao Paulo / Sao Paulo
EPI_ISL_13983355	2022-07-02	2022-07-21	South America / Brazil / Sao Paulo / Sao Paulo
EPI_ISL_13983356	2022-07-04	2022-07-21	South America / Ecuador / Guayas / Guayaquil
EPI_ISL_13983888	2022-07-17	2022-07-22	Asia / Thailand / Phuket
EPI_ISL_13993734	2022-06-02	2022-07-22	North America / USA / California / San Francisco
EPI_ISL_13993735	2022-06-02	2022-07-22	North America / USA / California / San Francisco
EPI_ISL_13993736	2022-06-04	2022-07-22	North America / USA / California / San Francisco
EPI_ISL_13993737	2022-06-04	2022-07-22	North America / USA / California / San Francisco
EPI_ISL_13993738	2022-06-07	2022-07-22	North America / USA / California / Alameda
EPI_ISL_13993739	2022-06-07	2022-07-22	North America / USA / California / San Francisco
EPI_ISL_14003930	2022-07-11	2022-07-23	North America / USA / New York
EPI_ISL_14011193	2022-07-17	2022-07-23	Asia / Thailand
